"name","domain","id"
"Default","checkout.trade.justicehair.com.au",128881459427
"theme outluxe","outluxestore.com",123209253016
"Debut","sylfootwear.com",118182543517
"Lab51-batiste","batistechile.cl",130098331832
"Theme export  shoppernext-com-sn2  13nov2022-01...","shoppernext.com",137842884908
"Dawn","babecaveatblushandbloom.com",130723938465
"Narrative","supremeintl.in",127734743235
"Theme export  grabdealmart-com-motion  05jul202...","vertaxz.store",124915286075
"Supply","www.printfina.com",124735226008
"Brooklyn","aklogistiks.com",87307485324
"Impulse","intrinzikfashion.com",127185059978
"Copy of Impulse-5   linkable ","www.primerboutique.com",121332105302
"Sandra's Laden","sandrasladen.com",123002945668
"SAFARI Factory Shop","www.safarifactoryshop.co.za",95749898373
"Notch Theme v1.2 - added filter linklist","sterlingkreek.com",127448776757
"Theme export  venvidi-ch-venvidi-2022  21jul202...","ellabo.ch",134255214821
"Dawn","boostmastermerch.com",133917835510
"Taste","tuftingb2b.com",130467332253
"Dawn","zerostudioph.com",125544628317
"Minimal","b2b.dynutrition.com",121039618235
"Debutify-3-0-2","myshoptoday.in",135558332640
"Refresh2.0","lockyouth.com",132030922931
"Dawn","baliwax.com.pk",134149341427
"Brooklyn - Loive Sorting gigs ","hookmanagement.net",127158550679
"Focal","sloane.jp",130952462535
"Dawn","brandsbar.in",123194900531
"Far-far-land-Updated 9-10-2022","ffl-shop-usa.com",136475803887
"Minimal","b2b.dynutrition.ro",121215615149
"ERAL","fo4rbs.com",123686682780
"Early Black Friday","byclarendale.com",136195047669
"Dawn","www.zzzbag.com",129056604375
"Copy of Dawn with Installments message","allqualitymerchandise.com",132413784293
"Prestige","dotene.jp",132335042786
"Colorblock","carlasecondhandsteals.com",134022037747
"ShowTime (MHT-Dev)","ams-web.jp",134596722910
"Kopia av Prestige","proud.international",131836084471
"import impulse-2-3-0(edited)","thebeyondstore.in",134508216534
"Kalle theme","jannatkpattay.com",125362405435
"Debutify","www.storecol.shop",121224986708
"Craft","shopbizreach.com",129030488219
"Dawn","shophayesgibson.com",122826227766
"Minimal","b2b.dynutrition.ro",121215615149
"Crave","www.karusos.com",129421115564
"14122022","www.fiibeautysg.com",132439703710
"Debutify-3-0-2","smilefly.in",133798068436
"Theme export  motion  9.0","www.ultimal.co",126352556171
"Boutique el Gimnasio (Plantilla editada)","boutiquegimnasio.com",114784895137
"Copy of Motion || OPTIMIZED # Working","www.raveg.nl",121761431636
"Dawn","queenvape.ca",133280104697
"Motion opt 70 mobile","nyxoz.com",124808560674
"Venture","airlinecrewjobs.com",126853185728
"01/05/23 - DO NOT EDIT","www.chloemoriondo.com",136752627958
"Be Yours","wellnailscare.com",122299908231
"Debutify","homescrew.in",129531117732
"Boutique el Gimnasio (Plantilla editada)","boutiquegimnasio.com",114784895137
"Tuseef Theme","womanist.de",131785883847
"Debut","basaw.shop",108117360800
"Galleria / Ver-DigitalBold","contiprint.com.mx",122397884568
"Theme export  uae-lnkobrand-com-motif-lnko-laun-TC","me.lnkobrand.com",125257875515
"Craft","deliveringjoyllc.com",124196683891
"USPA Srbija","www.uspoloassn.rs",125279240249
"impulse","www.50ampproductions.com",129557528785
"Kalles 2.7.3","springandsummer.co",123512160317
"New 7th Sep ","terquois.in",126788993203
"Symmetry","thefabrats.com",133098635518
"Theme export  -com-themeoptimizado  13aug2021-0...","lotharshop.com",128404848847
"prueba","yassmoda.com",118837444765
"Impulse","mibolsopt.com",124839919639
"Dawn","sassyaddy.com",133898666224
"Sense","thetravelpaws.com",127178211535
"Debut","manitoba.co.nz",127458148523
"Studio","missmaeboutique.com",123312078902
"wokiee-v-2-1-2","fonevent.com",123457634404
"Dawn","www.badaboo.ro",130258600152
"Minimal","craftsandthings.ca",130396520626
"Shopify-DealerPortal/main","dmm-motorsports.com",132630348027
"Dawn","btshomelighting.com",134084919521
"Dawn","denna.store",130638315710
"Dawn","nicolemonae.com",132993122558
"Custom Prestige","www.lumeri.eu",126993236118
"Craft","lifetimebuddypetsupplies.com",125295526003
"Debut","oakraynedesigns.com",123102494803
"Debutify-theme 4.10.1","www.gadgetsupplies.com.au",123218264154
"Jaams Boutique","www.jaamsboutique.com",121312280658
"Brown's Shoe Fit - Impulse-v4.1.4","brownsshoefitco.com",124276637871
"Install-me-wokiee-v-1-9-3","lojalaganexa.com.br",117195604129
"Dawn","holibabecompany.com",134177063146
"Dawn","styleorado.com",128839286971
"Toozer general theme - v2 1 || OPTIMIZED","lyfestylshop.com",131410460852
"Prestige","balancestyle.jp",116227637421
"shopify-theme-nadaman/master","store.nadaman.co.jp",134783992026
"import impulse-2-3-0(edited)","thebeyondstore.in",134508216534
"Debutify 4.10.0","vurgon.com",129944944820
"Dawn","shophayesgibson.com",122826227766
"Dawn","lovelydarlingboutiqe.com",129555857600
"Dawn","aloellc.com",125649027165
"Dawn","xerxsoftware.com",130891284679
"Refresh","nailbitz.com",126300618889
"01/05/23 - DO NOT EDIT","shop.jackson-wang.com",124070035554
"Brooklyn with Installments message","kalismarketplace.com",134310494442
"Dawn","joyisthejourneystore.com",134128074997
"Sense","confettifinds.com",127017943092
"Dawn","flikit.shop",129992491188
"Dawn","theboyfriendcollection.com",122573193314
"PROD dtails-custom-prestige","nexsmart.nl",123539521711
"Clerk WIP Alex","posterbyus.se",130633335011
"Copy of Dawn","saofashionista.com",125199482995
"Dawn","styleorado.com",128839286971
"Theme export  www-bellabarnett-com-kalles-2-7-2...","de.bellabarnett.com",131193045149
"Impulse","klippanyllefabrik.se",123027095722
"Impulse","mibolsopt.com",124839919639
"Debut","bestdisposablevape.co.uk",133103026431
"Theboutique","shopsiennaspencer.com",129099759768
"Theme export  saphientebijuteri-com-expression ...","aurrari.com",123146600606
"Dawn","fullhousehub.com",133877530879
"Modular - Update","www.cokoa.be",130136834222
"Debut","chillkeys.com",134036455663
"Cambios Wrangler Theme","wrangler.com.pe",127770329242
"Theme export  gehena-in-debutify-4-4-0  16dec20...","shopperia.co.in",139812045086
"Dawn","leahlaurenboutique.com",133929926892
"Mt","www.panamia.de",134221627647
"Prestige","thebind.co",124611035193
"Dawn","luciblk.com",134153470197
"Studio","www.theblessedbox.co.uk",134030885108
"Dawn","jerseyco.mx",129523581100
"Debutify-3-0-2","myshoptoday.in",135558332640
"Craft","deliveringjoyllc.com",124196683891
"Taste","hiammy.com",129282506911
"Dawn","www.willowandgraceshop.com",129609531559
"nulukes-5   linkable slider","www.nulukes.com",132014538883
"Boost","shop.aoyagiuirou.co.jp",128772767926
"Refresh","chaquebelleameboutique.com",127531221199
"Dawn","creationsdirect2u.com",129463484600
"vanilladeal-theme","vanilladeal.sk",49019268
"Dawn","indybackroadsboutique.com",130343174320
"Samrosa","samrosa.shop",130030698696
"JCI DIGITAL | SPEED OPTIMISATION | COMPLETE","chaddsfordjewelry.com",131817832639
"new design","oozewallets.com",121079922823
"Dawn","www.tammyprell.com",133815337172
"Bickery Kerst 2022","bickerykerst.nl",128557580543
"Sense","3littlebirdsboutique.shop",121771425861
"Impulse","intrinzikfashion.com",127185059978
"Dawn","alexterrible.com",133992349930
"Masonry","mumbleberry.com.au",127199805627
"Refresh-2","www.healslimstore.com",130859532445
"Minimal","uiwomen.com",123659747466
"C√≥pia de Dawn","www.vendava.com.br",133087068309
"Debut","svarchifashion.com",114162434218
"Dawn","boostmastermerch.com",133917835510
"Updated copy of Spark","aimxbeauty.com",130086240444
"Spa Room","sparoom.com",120576934017
"Dawn","vapengin.jp",122436943977
"Debut","drstitchess.com",131870097639
"Minimal","shop.madameluvoo.de",125039345723
"Custom Prestige","www.lumeri.eu",126993236118
"BMC THEME","www.fabfairfinds.com",121981468841
"Refresh-2","www.healslimstore.com",130859532445
"Dawn","purpledogboutique.com",134164742396
"Debutify-theme 4.10.1","exulsanitair.nl",121503776845
"Theme","beebyfashion.com",130371551408
"Dawn","suribaby.store",130568552607
"Taste","poshfullyso.com",134234145014
"KC's","kcclosetboutique.com",130283339927
"Dawn with Installments message","madamethick.com",133737939156
"Dawn","fuel2fash.com",129189642422
"Dawn","www.g-pet.in",121371557959
"Dawn","cedarcreekoutfitters.online",130881978618
"Dawn","sisandsavvyboutique.com",132411490545
"Spa Room","sparoom.com",120576934017
"Warehouse","asdq.store",114207522978
"Taste","hiammy.com",129282506911
"vanilladeal-theme","vanilladeal.sk",49019268
"Dawn","doitbetteryourself.club",134190465264
"Cambios Wrangler Theme","wrangler.com.pe",127770329242
"CRM_Website","www.caliraisedmoto.com",134178210046
"Dawn-Aug-03","b2b.agood.com",134304006376
"Theme export  -com-themeoptimizado","www.entupuertayacolombia.com",128251134052
"Debutify 4.10.0","dhruvee.in",130022441124
"(language 09.02.2022) Prestige - SUB","soapforglobe.com",132007264420
"Context Main B2B Development -Trond","b2b.thepropertyof.com",125514416280
"Dawn","jaxterssomethingspecial.com",130286846117
"TAF_pre","www.theattirefactory.com",131156148409
"Debutify-theme 4.10.1","www.gadgetsupplies.com.au",123218264154
"Clerk WIP Alex","posterbyus.se",130633335011
"Updated copy of Dawn","atricana.shop",139198628148
"Streamline 1.5 ","www.noseslap.com",122075512935
"Craft","mrdipitygifts.co.uk",134281462018
"Prestige","webshop.persu.nl",133141201130
"Dawn","www.organizedmomma.com",134038552814
"Dawn","theuniquegift.shop",125612359817
"Fastrr V3 | Theme export  moderngad...","theurbangadget.com",136236859620
"Boost","hippoblue.com.au",122382417974
"Dawn [AP edits on 7sept]","daintypeach.com",132291035285
"Dawn","www.zzzbag.com",129056604375
"Dawn","honeyimhomeaccessories.com",133375983845
"Refresh","rockshoprecordstores.com",124499001404
"Dawn","stationerytoy.com",130674098335
"Ambro Nutrition","amuranutrition.com",131589636322
"01/05/23 - DO NOT EDIT","www.chloemoriondo.com",136752627958
"impulse","www.50ampproductions.com",129557528785
"Theme export  -com-themeoptimizado  13aug2021-0...","lotharshop.com",128404848847
"TAF_pre","www.theattirefactory.com",131156148409
"Huia 2022","huia.co.nz",133859147992
"Debutify 4.10.0","isolarpro.de",135639204099
"Theme export  uae-lnkobrand-com-motif-lnko-laun-TC","me.lnkobrand.com",125257875515
"Modular","partner-furniture.com",131934519445
"Impulse","rainandrainbow.in",131157197054
"5HE - Default Theme","5hourenergy.com",130218557623
"Loja Principal","www.cheirodehorta.com.br",82145247331
"Dawn","fashionlily.com",134179848439
"Dawn","theladiesroom.net",129903296674
"Ride","docsneakers.in",134118375671
"Dawn","www.shreenamkeen.com",125431414884
"Main b2c mvp B2B","pro-lmem.fr",136009875710
"Warehouse","stringtour.com",130226880685
"22.11.01 Snazze Impulse","snazze.co",123786985539
"Fashionopolism","jovianvipps.com",133818941655
"Dawn","maddaisy.net",127657148473
"Theme export  corporate-screenbroidery-com-corp...","shopfossilgroup.com",133112332535
"Affiliates - Dawn","shopgreentechaffiliate.com",133850398932
"Kalles-4.0.4 official","hijabcollectionbd.com",122954809425
"JCI DIGITAL | SPEED OPTIMISATION | COMPLETE","chaddsfordjewelry.com",131817832639
"Dawn","fullhousehub.com",133877530879
"Theboutique","shopsiennaspencer.com",129099759768
"Debut","bestdisposablevape.co.uk",133103026431
"Fastrr V3 | Theme export  moderngad...","theurbangadget.com",136236859620
"Presige 11.0","www.almoes.store",126876352557
"Debutify old","masofertas.es",121225314386
"IT-Clash.com","mears.pk",127755550918
"ajustes-Prestige","useshelter.com.br",131870523557
"Exposed Version 2","www.getexposed.in",135730102488
"Dawn","ukshoponline.co.uk",130924773539
"Blossom Resale ","blossomresaleboutique.com",134142689537
"Im Darji v4.4","imdarji.com",132925620453
"GDY [Contra - New Header / Footer]","gooddyeyoung.com",127048712328
"Ride","shopiconicdenim.com",130428567746
"Impulse latest","gearplay.net",131190391028
"Alexoo 1.2 [Liquify]","alexoo.fr",131970039979
"Dawn","itoys.live",133047419111
"Dawn","holibabecompany.com",134177063146
"Impulse","classyfashionchic.com",136539767030
"Sportnettenshop 2.0","sportnettenshop.nl",128685113499
"Dawn","www.makeover-shop.com",122445987945
"pure-pro-aesthetics/main","pureproaesthetics.com",129909260428
"Craft","shopmaisontajj.com",125666885705
"Dawn","equipomedicostethoscope.com",128882639101
"Studio","hallandperry.com",133820907732
"S.P.A.L. Shop 1.0","store.spalferrara.it",134024265983
"Dawn_original","zamourstore.com",132476797143
"Dawn","lovelifeinstyle.com",134279037159
"Studio","lyxoshop.com",129177944224
"Debut (Complex 2022)","complexlifestylestore.com",128438272180
"new design","oozewallets.com",121079922823
"Acuitis","ch.acuitis.com",115663208621
"Dawn","indybackroadsboutique.com",130343174320
"Impulse","klippanyllefabrik.se",123027095722
"Install-me-wokiee-v-1-9-3","lojalaganexa.com.br",117195604129
"Dawn","www.ambersturn.com",132539252982
"Dawn","pambahaymnl.com",130241364184
"Debutify 4.10.0","aromavape.co.uk",134002049254
"Dawn","www.housebyshop.com",122547765346
"Dawn","damnbychelsea.com",134337626330
"Dawn","www.trulegendary.com",138170892571
"Dawn","biltmoreboutique.com",131196190869
"Refresh (14-07-22)","1hour.com.au",134644334806
"Debut","skillsocks.dk",135306936579
"Copy of Swym Copy of Grid 05-27-2022","spellbinderswholesale.com",133812257016
"Dawn","maybeltradingpost.com",130469494960
"Updated copy of Dawn","bylandbydee.com",135164264679
"Refresh","spiritstock.se",123236941889
"Refresh","nailbitz.com",126300618889
"Dawn","flikit.shop",129992491188
"Supply","www.ibeautyluxury.it",125465002028
"Gipsyonline-Livesite-New Menu (26-9-22)","gipsyonline.com",135564787948
"Dawn","biskinco.com",123036237858
"Theme export  originalperfums-com-br-rocket-mkt...","fabricadosperfumes.com",134680019158
"De Custom 7 22 SWE","www.pamelabeauty.se",134347063533
"Dawn","hypnotic-fitness-and-fashion.com",134215106779
"Blossom Resale ","blossomresaleboutique.com",134142689537
"add_newcolor1216","didion-beauty.com",136288829680
"Main b2c mvp B2B","pro-lmem.fr",136009875710
"Impulse - 05-07-22 BVC - OTP","bonkids.in",129233649858
"Dawn","www.olega.co",130661580993
"Dawn","dubiaroachbroker.com",123937783881
"Theme export prestige","www.sassy2.com",134137479404
"Dawn","www.housebyshop.com",122547765346
"Ella-5.0.9-sections-ready","serezsexualstudio.co",133851414749
"Orgafe v2.0.0","paalaarurbanfarms.in",125149184191
"Supply","corp.detailclothingtt.com",123649818717
"copyoflivetheme | zago | changes","veginneg.com",134968508652
"Debut","lacasadelpintor.pe",79533342762
"Focal","raceseng.com",121178488934
"Copy of Dawn [july 29th] [slideshow]","baranow.co",121488769112
"Berghoff shop","berghoff-belgium.be",121565806748
"Gradien-01","www.pusatled.com",123010416812
"Craft","shop.koganei-wai.com",124896280620
"PM official","proteinmarket.ae",134035964155
"Debut","cretastore.co",131214180591
"Dawn","cedarcreekoutfitters.online",130881978618
"Dawn","nijbeauty.com",130827878559
"KC's","kcclosetboutique.com",130283339927
"Dawn","www.popc.co.uk",132347658456
"Jaams Boutique","www.jaamsboutique.com",121312280658
"Dawn","www.be-meshop.com",126250582155
"Warehouse Facas do Mundo","facasdomundo.com",129301643482
"V2.1 dawn/main - Working Copy JTPL 08 Sept","winniespicks.de",126866882735
"Theme export  saphientebijuteri-com-expression ...","aurrari.com",123146600606
"Sense","hummingbirdmaternity.com",127353782410
"Propuesta 1","granshopping.com.mx",132841668787
"Themev2-5-0-05-22","myshade.in",132960354538
"Theme export  theluxebell-com-luxebell  02may20...","lathismastore.com",129669005494
"Zysku - BDD (isu variant)","zxena.com",129133084900
"Dawn-Aug-03","b2b.agood.com",134304006376
"Dawn","doshopit.com",132564418777
"Dawn","fantasyschanel.com",134133514484
"Nov 15 2022 Updated Jubal Site","jubalinstruments.com",136239775989
"Jj 2.0 relewise","jackjonesathens.com",128905248908
"Taiecom","livingstyle.fashion",134276350176
"Fashionopolism","bravehazel.com",134774620397
"So Trend Shop - Otimizado","sotrendshop.com",131320709274
"24 iulie 22 (before update)","thevault.ro",134253543640
"(language 09.02.2022) Prestige - SUB","soapforglobe.com",132007264420
"Taiecom","stylisticsshop.com",120915198024
"Dawn 07Dec2022","ghpc.in",139056709908
"Dawn - Mix & Match","thundathighs.uk",123611414613
"Dawn","label521.com",130793275563
"Dawn","jalumarket.ec",134178930919
"Debut","www.flamboyanttrends.com",134129385730
"Refresh","spiritstock.se",123236941889
"Icon_updated_collections 8-16-22","babysbreathlayette.com",134604194046
"Dawn","biltmoreboutique.com",131196190869
"Debutify 4.10.0","aromavape.co.uk",134002049254
"Theme export  www-modlory-com-theme-export-www-...","www.vanardo.com",133931041013
"Dawn","tina-i-fashion.de",134136103154
"Theme desde InstaPuff","aromaking.com",127207112761
"Updated copy of Dawn","soulofhalloween.ca",129471774900
"Production","dk.happysoaps.com",124467839019
"Dawn","www.lululavish.com",130367848597
"Debutify 4.10.0","lilliantaylor.co.uk",130217935036
"Lazi Lion Brands ","www.lazilionbrands.com",130753593506
"Influence","bagin.se",134150521058
"VEX | PRODUCTION","vex.co.nz",134483247354
"Venture","doaradidasi.com",120627200233
"Kalles 4.1 official","shopokart.in",136298987761
"Bareen DE - Live","bareen.de",122638827581
"Theme eve v0.8","kimberleyscloset.co",134616088822
"Lush 01","cloverclothingco.com",130726297774
"Theme export  justgovape-co-uk-refresh  27jul20...","justgovape.co.uk",124192686195
"Dawn","unikquo.com",132270751967
"Debut","cretastore.co",131214180591
"Prestige new","supercleday.com",130676359327
"Dawn","www.hellopowell.com",131550019763
"Dawn","www.dampfelf.de",123390033968
"Theme V2 - COD Only","isurve.am",124387950681
"Taiecom","livingstyle.fashion",134276350176
"Copy of Dawn - Edited by Made4Uo","themurphyandco.com",130252898492
"Speedfly-4-3-2-bc0nyoi","secret-bebe.com",131913023649
"Ckvet-warehouse-shopify-theme-development","www.ckvet.at",131116728499
"20221221 LBR IRISgo End Christmas Offer","irisgo.ch",130773450957
"Updated copy of Updated copy of Dawn","bestpricedhomegoods.com",129799880880
"Lympa FR - 6 D√©cembre 2022","lympa.eu",124438970433
"Spirit element Ltd corrected Google code","www.spirit-elements.com",131210281135
"Copie de Expanse","willowtree.fr",131032416494
"Dawn","label521.com",130793275563
"AW22 EOSS 21.12.22","aubinandwills.com",136398733567
"Studio","lvfashionanddesign.com",134109954260
"kidbea","www.kidbea.com",131508961519
"Dawn","dapopmakeupstore.com",131467575481
"mySheepi 2022","mysheepi.fr",125551738923
"SOLDEN B2C","solden.cl",134093865206
"2023 Happy New Year Antu","codexlabs.cz",132145512626
"Dawn 9/8/22","purafied.com",131043917994
"Dawn","www.truthwithindesigns.com",133840503016
"Updated copy of Dawn","ahintofprints.com",134008570073
"Theme","electrictrek.co",130285469845
"Dawn","www.smileshops.com.au",134211043558
"Supply","egdigitaldreams.com",132816011508
"Dawn","shinedesignco.co",130186543340
"Studio","sapphire-lotus.com",135536541952
"Theme export  heromart-in-debutify-3-0-2  06may...","www.herobuy.in",134763872470
"Velasca Woman 1.0","eu.velascawomen.com",124402467009
"AF [LIVE] üá∏üá™ | 7.0.0","astridfrank.se",135751631094
"Dawn","ilovemarigold.com",129029144784
"Dawn","www.theuniquelyu.com",133847286000
"Axaly","axaly.co.uk",131162013849
"webshop/main","www.lakorsoulwear.com",127060410532
"Nieuwjaar Actie - Eziclean 2.0","eziclean.nl",136906997999
"Refresh","aurifoods.pt",134116278511
"circulon-shopify/main-alt-2","www.circulon.com.au",136709079266
"final of Canopy-original","liveorganic.co.in",133785452791
"www-soek-co-nz-debut-new-modded-theme","www.soekwholesale.com.au",132852875498
"Dealshoppen.dk [Visibly.dk]","dealshoppen.dk",134096552157
"Theme export  ideal-mag-ro-handy-home-11  18mar...","shop-deals.ro",131485860076
"Updated copy of Dawn","soulofhalloween.ca",129471774900
"Taste","www.bleu-blanc-ruche.fr",128889946279
"Studio","www.radiancefilms.co.uk",136095334633
"Dawn 07Dec2022","ghpc.in",139056709908
"Prestige-1","bigfootmall.shop",139399037226
"Ap naturis store","www.alohas.in",120847171648
"NEW SITE ","cucuminiandmama.com",134501794043
"Copia de Supply","modaestroz.com",126659035328
"Esenzia Shop - NO EDITAR","esenziashop.es",130643558581
"Super Meat V1.0 2021","supermeat.mx",118016245942
"Refresh","shop.rave-sound.com",121271877766
"Theme file","goinggreenebikes.com",134065946879
"Theme charismalism","www.charismalism.com",130504982714
"Ride","fashioncity.shop",130602664104
"Refresh","www.cahmamachu.com",134643450100
"Debut","fashiongrabme.com",117433204907
"Supply","www.printfina.com",124735226008
"Craft","shop.koganei-wai.com",124896280620
"Prestige","www.officineimmortelle.com",125355000001
"Spiritswithsmoke [Bradley]","spiritswithsmoke.com",131673948323
"Sense","alcohol24.es",129959493812
"Dawn","hypnotic-fitness-and-fashion.com",134215106779
"Theme file","ebikesandescooters.com",131117252778
"Theme export  mandalaground-com-theme-export-th...","chaffeelife.com",134640107766
"Dawn","leisurelychic.shop",134178472160
"AW22 EOSS 21.12.22","aubinandwills.com",136398733567
"impulse","nutritionhouse.com",129873674416
"Taiecom","shoplivingstyle.com",130302148781
"Dawn","dapopmakeupstore.com",131467575481
"Focal","celularesjandy.com.gt",122555007029
"WINTER 2022","www.bertschat.fr",134545801429
"Theme export  thundernoise-eu-thundernoise-pres...","catharsisbrand.com",124919808059
"taboomcandy Theme","taboomcandy.com",121631768711
"Casualmode  Badge de Livraison Cubyn","casualmode.fr",135116357866
"Itg-Project","antoineliquor.com",132680712428
"kidbea","www.kidbea.com",131508961519
"Debut","www.flamboyanttrends.com",134129385730
"loogguitars-com-loog-guitar-fresh Manual Upload","au.loogguitars.com",126752981129
"January 2023","espres.so",129882620044
"Theme","verychoco.com",129444544708
"Sense [Afterpay edit 30 Sep]","mynookie.com.au",135718371549
"Theme export  shop-enesco-fr-save-expanse-27-01...","jimshore.fr",131667329247
"Im Darji v4.4","imdarji.com",132925620453
"Prestige(27July)","larksupply.ca",130987819201
"markta live","shop.markta.at",134165692647
"Xpose x 6D July","www.xposejeans.com",124846047291
"North","jnico.us",123354841136
"Lorenza 1.4 [Returns/Exchanges]","meison.com",132583522472
"Refresh","prescriptoph.com",121338724455
"Dawn","shopmoodparadise.com",128699236535
"Craft","therefinedemporium.com",123041710165
"Refresh","project-candy.co.uk",133267718378
"Venture","techtrance.com.ph",126614405296
"Dawn","www.hdmsolar.co.uk",123390885961
"Kalles 4.1 official","shopokart.in",136298987761
"Symmetry","fluffsocialclub.com",125604003976
"Refresh","elrickysgarage.com",136478097633
"Debut","cameronmedical.fr",122502185134
"Impulse 2","jeepaonline.com",131933077750
"Kuoma SV","kuoma.se",134225789148
"DECEMBER - EOSS","bh.wardrobefashion.com",132846485672
"DECEMBER - EOSS","qa.wardrobefashion.com",133409538197
"Canopy","candywrap.nl",139322687764
"DECEMBER - EOSS","ae.wardrobefashion.com",136646557946
"AF [LIVE] üá∏üá™ | 7.0.0","astridfrank.se",135751631094
"Kalles 3.2.0 - TC","myfashiononly.com",130169307302
"Dawn","www.prettypoisen.store",126827397294
"Tea-1.0.0-sections-ready","artbeat.pk",124506669192
"Dawn | Optimized","legadoclothing.com",130782298301
"v1.0.1 UI EDIT - Debut","www.hapins-online.com",131582689454
"Ride","fashioncity.shop",130602664104
"(Support) Susan-v1-0-8 Shivdas custom - Media","www.shivdas.in",135542276349
"Debutify 4.10.0","www.woooups.com",130507866307
"Debut","www.lenphor.com",132791861473
"Ride","16nation.com",130785345729
"final of Canopy-original","liveorganic.co.in",133785452791
"Tema Kingvertising Atelier","ateliergogo.com",131934191861
"221109[PROD]KKOKDAM-300cbt-22...","kkokdam.com",128351666315
"Dawn","ninetyninedreams.com",133896929493
"laneeight-shopify/main","laneeight.hk",129072955530
"Ella-5.1.0-sections-ready","toughout.co.nz",132283269357
"Theme export  cereno-me-theme-export-nadesico-s...","molto.fun",127453691951
"Xpose x 6D July","www.xposejeans.com",124846047291
"fyra theme 2.0","www.thefyra.com",130210955437
"Refresh","www.cahmamachu.com",134643450100
"Live version of [Parcely 01.08] Empire","www.brain-games.ee",136127381724
"Studio","thecuratedstoreindia.com",122375438441
"Dawn","www.popc.co.uk",132347658456
"Studio","cedarcreekranchboutique.com",121154175089
"Bd 1.1","deluxe-tee.ch",130827976894
"Sockwell 1.8.0","sockwell.fr",128410878132
"Died Rich Inc. Drop Nov 2k22","died.rich",123472150595
"Ella Grace LLC","ellagracellc.com",121334169733
"Prestige","www.e-zigis.de",131219259562
"Dawn-with-installments-message","anchorbluejeans.com",123078869082
"Theme export  mandalaground-com-theme-export-th...","chaffeelife.com",134640107766
"Dawn-adp","luckzrd.com",134028525803
"Expanse","pro.archiduchesse.com",124897657016
"New 7th Sep ","terquois.in",126788993203
"Expanse","dumanel.com",134323077359
"Impulse | Prod","euroelectronics.fr",127735005400
"Dawn","www.ciaobellaboutique-ashley.com",130768502983
"Dawn","shecanthermalprinters.com",123703132219
"District","www.unfazed.ro",133759893754
"Bee","villebee.com",136234402036
"Dawn","www.empressesofearthboutique.com",134276120820
"Debut","fashiongrabme.com",117433204907
"Debut","bubbieco.com.au",126847385792
"Prestige","www.officineimmortelle.com",125355000001
"shopify-theme-designericons.com/master","www.designericons.com",120804278321
"[PROD] BS Dawn Relewise","bestseller-romerhus.dk",132332257466
"Streamline theme 3.0.3","ropamoda03.com",122783989895
"Taiecom","decortheater.com",126074224697
"Debut","badapplebullion.com",123834237093
"PUNTO UNO","punto1.co",124541894703
"Th√®me Yade v2.1 - moon-moon.fr","yade-paris.es",135272497411
"Impulse","zfold4case.com",131707961544
"Jewelleryisforever (REDIRECTS 2)","www.jewellryisforever.co",132798349480
"Tai ecom","eleganthomedelux.com",133964529890
"Crave","shoplnboutique.com",131488776378
"Showcase","epikaparis.com",130989359295
"Tai ecom","cutehomeessentials.com",130346582208
"Capital","www.gosh.mx",102294519963
"Tai ecom","homedecore.net",133854920933
"Laurance Inc Home Decor","lauranceinchomedecore.com",134123290842
"ORRON INK","orroninks.com",131679420613
"Taiecom","homefamilyplusdecor.com",124766257291
"Tai ecom","affordablehomegifts.com",133871632604
"Tai ecom","starlushnewyork.com",120533221505
"Tai ecom","homedecorlocal.com",133909774571
"Taiecom","furnishinghub.store",132616913111
"Theme export  beautyshopperus-com-debutify-4-10...","silvershopperus.com",124977741897
"Taiecom","youraesthetichome.com",124507586605
"Dawn","allaneed.com",122435633231
"Kalles 3.2.0 - TC","myfashiononly.com",130169307302
"NipClips 3 | OPT","thenipclip.com",121601458253
"Dawn- Original","b2coutlet.net",132818501849
"Theme export  lojanovahera-com-davinci-metodo  ...","soulilyloja.com",128884342922
"Impulse new templateside.com","evercrafted.in",124602351752
"2023","bomstore.shop",134763741410
"Impulse","plaintigerwholesale.co",125924278325
"Ny seachbar- 24-10-22  Impulse","hw-homeware.dk",126509842491
"Motion","artsydecorz.com",130377253056
"markta live","shop.markta.at",134165692647
"Theme export  amonistyle-in-prestige-shopify-th...","rangleaf.in",128431095855
"Debut","www.lenphor.com",132791861473
"Cantzy home 1 | Ayush","prolific.in",135905149182
"Taiecom","www.jeffreywlang.com",129542586519
"Tai ecom","cowicks.ca",131593273529
"Tai ecom","kasamadre.com",130526511266
"Theme951","centuryfreshandfrozen.com",122608681126
"Working Streamline","skingood.it",123268726835
"Warehouse","www.hyperetail.co.uk",130483323075
"Copia di Sense","shop-egonails.com",136469184727
"Taste","huttosoapandcandle.com",132683858172
"Samrosa","samrosa.shop",130030698696
"Theme export  trendyghar-com-booster  11jul2022...","trendyhome.in",120414634113
" Dawn Padr√£o","www.singlesilvershop.com.br",122566967365
"Dawn-with-installments-message","anchorbluejeans.com",123078869082
"Refresh","www.trendsgetter.de",136038744278
"Schmutztheme","tiarys.de",132278943916
"husky vapes","huskyvapes.com",134786089197
"backup_0717","maisons.hu",134141214964
"Debut","www.ohr-freund.de",122478231631
"Working Streamline","skingood.it",123268726835
" Dawn Padr√£o","www.singlesilvershop.com.br",122566967365
"Install-me-wokiee-v-2-2-0-shopify-2-0","debbiessheshack.com",134101238001
"Dawn","southwest-cbd.com",130302673090
"Ella-theme","suitmeup.dk",135156498654
"Ella-5.1.0-sections-ready","toughout.co.nz",132283269357
"Sockwell 1.8.0","sockwell.fr",128410878132
"Motion - Optimized","www.ivono.eu",134563004661
"Warehouse","www.hyperetail.co.uk",130483323075
"westonbasics","westonbasics.com",133961908460
"Production Theme Saint Andr√© de Cubzac","saint-andre-de-cubzac.ledrivetoutnu.com",124582035593
"Contact Us Page (10.11.2022)","intellilens.in",132469948586
"Colorblock","www.amatistashoes.cl",133917507818
"Sense","trypaddie.com",134054084858
"Propuesta 1","granshopping.com.mx",132841668787
"Canopy","www.beeworks.com",120711348358
"Empire","handydadtools.com",130394030250
"Mayfairbride8","mayfairbride.com",134382715127
"Sebastian Veliz - Cambios home","reest.cl",135228817628
"Prestige","www.e-zigis.de",131219259562
"Debut","badapplebullion.com",123834237093
"Skin-4 red fashion","www.blocksandprintsonline.com",131570991286
"Dawn","www.empressesofearthboutique.com",134276120820
"Dawn with WC - 2022-08-31","ashevilleteacompany.com",135211712758
"Dawn","www.klamotten.co.in",121187565706
"DECEMBER - EOSS","ae.wardrobefashion.com",136646557946
"DECEMBER - EOSS","qa.wardrobefashion.com",133409538197
"Palo Alto","minimalclub.com.br",133546639612
"Symmetry - Backup Google","maquilleo.pt",124749709360
"Flow","bioonesciences.com",133179736307
"Tai ecom","kasamadre.com",130526511266
"Prestige","www.auromin.in",131060662434
"Dutch Rose 1.0","dutchrose.com",124638167084
"Prestige theme neu","velnu.de",131594715324
"Ella-6.1-theme-source","www.shelash.co.uk",122814300234
"Tai ecom","cutehomeessentials.com",130346582208
"Vaia 1.0","vaia.co.id",123252473907
"Expanse","ikaanya.com",131256975578
"Prestige by SSDC","arrastudios.com",133748555995
"Theme export  www-drabbalovers-co-ella-6-4-0-dr...","jeansalmayor.com",136377762025
"Turbo-portland","dapperanddoll.com",133878677759
"Contact Us Page (10.11.2022)","intellilens.in",132469948586
"Debutify 4.8.0","www.metuvi.com",130940698839
"SANTECO - black friday","santecobottle.com",126015406114
"Tierliebling Optimize","tierliebling.at",122084589656
"Install-me-wokiee-v-2-1-1-shopify-2-0","theavocado.pk",130816311533
"Dawn with Installments message","shopivystyle.com",134494748896
"Dawn","itoys.live",133047419111
"Dawn with Installments message","shopivystyle.com",134494748896
"[PRODUCTION] Impulse","int.ferplast.com",112456466586
"Ella Grace LLC","ellagracellc.com",121334169733
"Standard Brands","standardbrands.shop",122823770166
"Symmetry","sunwardbound.com.au",130285469896
"Dawn","mattssonnielsen.dk",128557514917
"Canopy","www.beeworks.com",120711348358
"Focal Khodr","www.playfulpets.com.au",130483585224
"Sierrajewellers (REDIRECTS 2)","www.sierrajewellers.com",125618421803
"Tai ecom","atriumhomeandgarden.com",134156452061
"Boho linda master-v-1-0-0","persevirboutique.com",127822725257
"Craft","www.freespiritcollective.com",127308005433
"Nooro","nooro-au.com",131807805603
"Debut","cart.atomwellness.com",81375232052
"Rosa Rugosa Sept 2022","rosarugosa.ca",125055795261
"Craft","www.amandajohnson.co.za",128855048380
"in progress v2","www.herbz.dk",132274520240
"Dawn","lupittas.com",132950982835
"PIT3108 STRAP l Fernanda","strap.com.br",135127204090
"Dawn","ptdwholesale.com",129878425768
"22.11.01 Snazze Impulse","snazze.co",123786985539
"Palo Alto","minimalclub.com.br",133546639612
"Dawn","sharkiyi.com",121178030157
"Copia di Kalles 3.2.0","blumodashop.it",135762641118
"Dawn","pestcontrolsupermarket.com",134123192573
"[Boost 144750] SVH SE FINAL","www.schwartz-vonhalen.se",135713128703
"Warehouse","thefirealarmsupplier.us",134106906848
"Warehouse","www.fluxperfect.at",133048303844
"Theme export  powerfoods-com-pk-theme-export-po...","powerfoods.com.pk",134448152814
"Charlotte 1.3","ozontread.com",125482336356
"Production","petlux.se",133990056159
"Theme export  www-2troubleboys-com-venue  05may...","obstinateoctopus.com",129507819725
"Quisina Page","quisinaph.com",126719787179
"Stoov | CODE | 1.8.0","uk.stoov.com",129019904208
"Empire","catalo.nl",122149437509
"ZLS December","www.zlsstyle.com",132200399038
"CSMCY","cosmecy.in",122210549827
"Junio","fmfurniture.cl",128675152068
"Dawn","cotd.co.nz",131837034735
"pink-gellac/main","pinkgellac.com",126068817965
"petra fina basel","www.petrafina.com.br",123052458136
"Empire","www.rms-products.com",130509766806
"nelipies-theme","nelipies.de",135255982330
"Stoov 2.0 | CODE | 1.0.0","dk.stoov.com",132398448809
"Boho linda master-v-1-0-0","persevirboutique.com",127822725257
"Debut","cart.atomwellness.com",81375232052
"„ÄêJinny„Äë0103-Jan Campaign+Phase 4","urbanrevivo.in.th",136389722357
"Bab Studio","babshowroom.com",134625984744
"Brooklyn","ic4.in",126305435856
"Symmetry","judylux.com",135052361952
"Pikka Th√®me V1","lacouleurduvin.ch",132427448553
"Turbo-portland-1","www.sqfancy.com",133239800028
"Taste","www.shoppebirdieandco.com",122806796358
"Dawn","cotd.co.nz",131837034735
"Boundless","imodelluxury.com",123958788138
"Haushaltshopify ( Kalles-4.0.2 ) ","haushaltsparadies.at",130475753644
"Live","projectaudio.nl",136115945705
"[Boost 143790] Impulse with filters","www.superga.com",135445577985
"DIM Live - 2.5.0","nuriacobo.com",129282769051
"Ella-6.2.3-theme-source","bettershopme.com",133060067477
"Theme export  brehos-com-theme-export-contraent...","www.terramenta.eu",134667370734
"Zerofit UK","zerofit.co.uk",132083810453
"Chantal B","revendeurs.chantal-b.com",133863866620
"Bab Studio","babshowroom.com",134625984744
"Boundless","imodelluxury.com",123958788138
"Empire","www.rms-products.com",130509766806
"Superstore-v4.2-06.11.22","creativebrands.africa",132079911078
"Production","boutique.l214.com",134127943917
"Zerofit UK","zerofit.co.uk",132083810453
"[Boost] Live theme with filter & search","elproveedordelrestaurante.com",120483250312
"Warehouse","cierresrro.com.ar",122293616837
"Debut","alannamx.com",114760188071
"Dawn","filzlig.com",134017908956
"Focal Live","genietravel.com",130655027361
"Jewelleryisforever (REDIRECTS 2)","www.jewellryisforever.co",132798349480
"Canopy (Main/White Background)","www.buyable.net",130085978169
"Brooklyn","ic4.in",126305435856
"Dawn","filzlig.com",134017908956
"Refresh","eourmart.com",126854823981
"Refresh","nuttybuzzy.com",127173951627
"Sense","latelierdescreas.com",132416045294
"Prestige theme neu","velnu.de",131594715324
"Debut","hbofficialshoes.com",121620660361
"New G&L","gasparetlily.com",132067229855
"Dawn with Installments message","www.mudbugg.com",130894135485
"Pakola","pakola.com.pk",130942140664
"Dawn","pestcontrolsupermarket.com",134123192573
"master--shop-sheko.myshopify.com","sheko.com",131110404254
"Taiecom","furnishinghub.store",132616913111
"Debut Tailwind CSS with Cart-Drawer","urbanyog.com",128674234564
"Adscrey with WC - 2022-08-03","darzifashion.com",130901770401
"Multilang UK 2.4.1 ‚Äì discounts","snuggs.uk",131779362993
"HOME ENE 2023","www.lounge.cl",121887457315
"Rt-material2-v1.5.2","hi-tecboots.com.au",127922372837
"Pipeline","www.yumigara.com",125008314391
"Boost","mynekoshop.com",130662629563
"THF Launch - 26 July","www.goddessnoosa.com",134179193087
"Debut","hbofficialshoes.com",121620660361
"Pipeline","www.yumigara.com",125008314391
"Theme export  www-modlory-com-theme-export-www-...","www.royaurait.com",134440517881
"Kalles 3.2.0","www.legavenue.eu",131272212712
"RS: release/HDIET-v2022.50","myhdiet.com",126086348834
"MINIMOG v2.5.0 (07/17) - Vogue","zams.co.in",123242840115
"Refresh","tullhomedecor.com",136320024791
"bijan-theme/main","bijanmustardson.com",134447857897
"Dawn","disonec.ca",120718884928
"HOME ENE 2023","www.lounge.cl",121887457315
"MEDITO (LIVE)","royaltyforme.com",127589908580
"Theme export  www-pazzion-com-ella-go-live  15j...","hk.pazzion.com",127192105098
"Graal Spotter W/O filtres (version corrig√©e)","graalspotter.com",127801065670
"Thunder Optimized Theme","alpenberger.de",136149827850
"Minimog-2.5.0 - Hubako Media ","itsinji.com",132959764721
"Copia actualizada de ShowTime","factorynet.cl",134895665397
"TEMA ENERO 2023 ROSARIO","rosario.pluspet.com.ar",136113094898
"Copia de Sense [CON TEMPORIZADOR]","tienda.metodogrez.com",125806772258
"RS: release/HDIET-v2022.50","myhdiet.com",126086348834
"Updated copy of Updated copy of Dawn","www.petstoredirect.com.au",130324103362
"Boost","mynekoshop.com",130662629563
"Copy of Smart Warehouse Wholesale","swh420.com",132699128036
"Dawn-change","rockbros.jp",132905468130
"Expanse","www.belletica.fr",134171132134
" www-htvront-com-htvront-2022-11-29","au.htvront.com",136664875261
"Craft 5.0.1 - MM-v2.2","www.mismuebles.co",133310283925
"sac-theme-reforce-005-01-2023","www.s-amden.com",137406513401
"Theme export  iconhookah-com-warehouse  26sep20...","hookahwholesale.co",128577404975
"Expanse (14-10-2022)","www.meifanau.com",131775037605
"Focal - ChoKoLids","www.chokolids.com",134000935165
"10/1 - Current + Faq","stardrip.co",131468689602
"Prestige","vrtxsports.co.jp",134425837780
"Copy of Smart Warehouse Wholesale","swh420.com",132699128036
"Warehouse theme with Installments message","allfamilyshop.com",122347388995
"Vibes Fashion x Beckol Profit","vibesfashion.nl",123239825491
"Warehouse","www.snfonline.com.my",127135350944
"Dawn","www.fullmoda.co",128568983750
"Bontour_si - Digiloop 09.23","vasdom.si",125267279895
"MINIMOG v2.5.0 (07/17) - Vogue","zams.co.in",123242840115
"Be Yours - 20221116","www.citykuechen24.de",131434184878
"Theme 16/12 Alerte Klaviyo - Gift Wrapping","jeannevouland.com",136395030758
" www-htvront-com-htvront-2022-11-29","au.htvront.com",136664875261
"Dawn-change","rockbros.jp",132905468130
"Be Yours - 20221116","www.citykuechen24.de",131434184878
"Markets - 01/08/","razor-shopping.com",134329204963
"Dawn","gilia-couture.com",133903843547
"Flex-emporium","albertuswijnen.nl",127081119907
"MASTER - JP - Please don't touch - DK","nordicoil.dk",135922188502
"Creative Digital Site","creativedigitalllc.com",136410661114
"Vibes Fashion x Beckol Profit","vibesfashion.nl",123239825491
"Lola Jeans Ecuador","lolajeans.com.ec",132876239093
"Dawn","shopfoxcreek.com",125475618952
"R","royaura.co.uk",133560893654
"Upload me shella theme 4.14.1","letronenoir.com",121547980938
"Debut - New 2.0 - Optimized","damehry.cz",134436126979
"MM DEV R: Customer Form Soundscape 14/10","soundscape.store",130756640963
"Copy of hyperfash","hyperfash.com",135577960671
"bang-us-b2c-shopify/main (Latest)","bangenergy.com",136124662019
"Country Test","shop.gimmecountry.com",126510661764
"Country Test","shop.gimmecountry.com",126510661764
"Uneox home1","greenzoneaustralia.com.au",130456846510
"Leader-price-pro","pro.leclubleaderprice.fr",121685246039
"bang-us-b2c-shopify/main (Latest)","bangenergy.com",136124662019
"Dawn","worldofbeauty.gr",133925536001
"eCohete.com","superdulces.mx",121858785328
"Alma Basik","almabasik.com",121425592382
"Ella Sofort24 ¬Æ","www.sofort24.eu",133173182696
"AKBIK Furniture & Design ","akbik.com",131309404372
"Dawn","wikatech.com",132587946237
"Debut","se.suztain.com",126336630942
"Ella-5.1.0-sections-ready","glenz.com.tr",122544652369
"MINIMOG v2.5.0 (04/13) - Main demo","dabbstore.com",129841299619
"Ella-5.1.0-sections-ready","www.haimont.com",129559888041
"Avenue -u","genxbagsonline.com",122977976407
"Ride","theuntamedjewel.com",133894308090
"Kopie von WINTER SALE","www.fenominalfragrance.com",132092133547
"Copy of Theme support Pipeline cart page","welify.de",132135485606
"The Shoe doc - v1.0","theshoedoc.com",133984649463
"-Showcase_TS_KM_13_sep","izfworld.com",136235516160
"WOOW 2.1.0.V","woowly.in",121094963280
"Pursuit Theme |  04.01.2023","www.goodfood-company.com",132879319208
"Poster Drop Dezember Tschief Shop","tschief.shop",136292466928
"Barberry-home-modern","samayasareeshaper.com",122409746517
"WOOW 2.1.0.V","woowly.in",121094963280
"Maker","pharmaoil.eu",128266240175
"Theme open shop","openshopitalia.it",130848063677
"Unidukan Revamp New","unidukan.com",130226126999
"Warehouse-Live","beautyfaves.com",121321685069
"Dawn","kikinailart.com",127281135754
"Flex-nourish","drinkpod.com",134305186045
"Dawn -- WPD","www.totalsaddlefit.com",134681034994
"MINIMOG v3.2.0 (12/22) - Minimog-3.0.0 2","trendspop.com",137372991737
"Copy of Modular | XS | OPT - december","kome.no",127936495753
"Ella-5.1.0-sections-ready","www.haimont.com",129559888041
"Craft","www.villagedecor.com",129622180014
"Debut","rebelcompany.dk",123778531496
"LATEST VERSION Empire","omegahouseware.com.ph",134570541305
"ShowTime","www.mercidan.com",125144137787
"Poster Drop Dezember Tschief Shop","tschief.shop",136292466928
"70% Off Sale - 03.01.23 - 09.01.23","youandallfashion.com",137314828502
"Kiban Shop Builders","kibanshoe.com",136482914539
"MINIMOG v3.2.0 (12/22) - Minimog-3.0.0 2","trendspop.com",137372991737
"Warehouse","thefirealarmsupplier.us",134106906848
"Debut","rebelcompany.dk",123778531496
"Venue","jerky.store",135293993174
"Impulse","hallyusuperstore.com",134846972153
"Impulse","hallyusuperstore.com",134846972153
"Xtra","www.willisskiandboard.com",130590834893
"Focal","bluer.co.in",133223514344
"Dawn -- WPD","www.totalsaddlefit.com",134681034994
"deprezg by jerald schnoor","aussiecontactsport.store",123021033539
"Maker: Create Circus x Action Portugal","goaction.pt",128840106177
"Z Fashion Shop","www.zfashionshop.com",132270096563
"November home v4","allisonluxury.com",126991761460
"Maker: Create Circus x Action Portugal","goaction.pt",128840106177
"Brooklyn","styllest.com",129239417086
"Theme export","www.adikala.in",123736064067
"Symmetry","aliciacouture.com",133919244524
"Dawn","havanassecreteg.com",133231378679
"Fashionopolism","edgymermaid.com",136138883321
"Theme","decathlon.com.om",129198358699
"Theme","decathlon.com.om",129198358699
"Dawn","www.snazzygirlsfashion.com",125618028680
"Yikan home 1","amble.co.in",134070370554
"Craft","www.villagedecor.com",129622180014
"Bytegrasp - Nettopreise - EU-Steuern","kraeutermax.com",136146977017
"Flex-luxe","freddywear.co.za",121215647787
"Dida Sports","didasports.com",131950149878
"Shopify theme 20-01-2022","ridershop.foodpanda.co.th",128080642253
"LATEST VERSION Empire","omegahouseware.com.ph",134570541305
"Dawn","www.cocktaiil.com",130918121684
"Theme focal 13 enero 2022","topmovil.com.gt",130302935270
"Theme export  www-encuentralostoreecuador-com-t...","encuentralostoremexico.com",133084872835
"Reskin - Riot Store Wholesale [Pre-Deployment]","wholesale.riot.com.au",137115533526
"Minimog-2.5.0","www.kknekki.nl",129176797390
"Dawn","www.tammyprell.com",133815337172
"Debut","shopmoreindia.in",127054446751
"Debut","dealzbuddy.com",131774087388
"Theme desde InstaPuff","aromaking.com",127207112761
"Shopify-DealerPortal/main","dmm-motorsports.com",132630348027
"Vape Luxe","www.vapeluxe.co.uk",131064397987
"Kalles 2.7.2","www.cloudvapor.com",125408542919
"Expanse","www.belletica.fr",134171132134
"Supply","egdigitaldreams.com",132816011508
"Venture","airlinecrewjobs.com",126853185728
"Dawn","suribaby.store",130568552607
"Theme export  www-encuentralostoreecuador-com-t...","encuentralostoremexico.com",133084872835
"YAMPI - Theme premium DUDA BIKE","dudabikestore.com.br",127580078261
"Expanse","ikaanya.com",131256975578
"Nov 15 2022 Updated Jubal Site","jubalinstruments.com",136239775989
"Debutify 4.10.0","lilliantaylor.co.uk",130217935036
"5HE - Default Theme","5hourenergy.com",130218557623
"Theme file","ebikesandescooters.com",131117252778
"Crave","shoplnboutique.com",131488776378
"Sense","confettifinds.com",127017943092
"Dawn","aloellc.com",125649027165
"Temavencedor-natanalmeida","estilodaluna.com",133670240507
"Charlotte 1.3","ozontread.com",125482336356
"Dawn","babecaveatblushandbloom.com",130723938465
"Turbo-portland","dapperanddoll.com",133878677759
"Debut","lacasadelpintor.pe",79533342762
"Dawn","zerostudioph.com",125544628317
"Tema drop meta 4.4","kembelstore.com.br",131512860832
"Dawn","xerxsoftware.com",130891284679
"Impulse","rainandrainbow.in",131157197054
"Dawn","denna.store",130638315710
"Production","framacph.com",130002419900
"Studio","cedarcreekranchboutique.com",121154175089
"Refresh","aurifoods.pt",134116278511
"ZOA Energy 2.0 - Canada","zoaenergy.ca",134349455615
"Tai ecom","homedecore.net",133854920933
"Ella-5.0.9-sections-ready","serezsexualstudio.co",133851414749
"Early Black Friday","byclarendale.com",136195047669
"ERAL","fo4rbs.com",123686682780
"Dawn","fuel2fash.com",129189642422
"Modular - Update","www.cokoa.be",130136834222
"Modular","partner-furniture.com",131934519445
"Influence","bagin.se",134150521058
"Theme export  shoppernext-com-sn2  13nov2022-01...","shoppernext.com",137842884908
"Emerge W/Bold PO| Bold | May.26.2021","bellavita-paris-shop.com",123141750938
"Artisan","ec.murakami-towel.com",128668500137
"January 2023","espres.so",129882620044
"Theme export  vila-norway-myshopify-com-theme-e...","vilahamar.no",118490366114
"Warehouse","smartsolutionshub.au",122221396042
"Updated copy of Craft","www.thehopefulartisan.com",131451846821
"Debutify 4.10.0","inspiressntls.com",125419749476
"Dawn","fantasyschanel.com",134133514484
"nulukes-5   linkable slider","www.nulukes.com",132014538883
"Avenue","thefarmerskitchengrocery.com",131413442757
"Theme","verychoco.com",129444544708
"Bumbor","bumborshoes.com",131073409173
"District","www.unfazed.ro",133759893754
"Dawn with WC - 2022-08-31","ashevilleteacompany.com",135211712758
"Sense","latelierdescreas.com",132416045294
"Ella-6.1-theme-source","www.shelash.co.uk",122814300234
"Theme","beebyfashion.com",130371551408
"Minimal","craftsandthings.ca",130396520626
"Debutify 4.10.0","www.woooups.com",130507866307
"Dawn","joyisthejourneystore.com",134128074997
"Dawn","btshomelighting.com",134084919521
"Theme file","goinggreenebikes.com",134065946879
"Refresh","elrickysgarage.com",136478097633
"Updated copy of Dawn","atricana.shop",139198628148
"Colorblock","carlasecondhandsteals.com",134022037747
"Dawn","brandsbar.in",123194900531
"Hayo'u Method July 2022","hayoumethod.com",120708792384
"Studio","sapphire-lotus.com",135536541952
"Dawn","mpthreebaseball.com",130502361245
"R","royaura.co.uk",133560893654
"Venture","baruchdistribucion.com",129110573287
"Dawn","sharkiyi.com",121178030157
"Quisina Page","quisinaph.com",126719787179
"ZLS December","www.zlsstyle.com",132200399038
"Vaia 1.0","vaia.co.id",123252473907
"Production","dk.happysoaps.com",124467839019
"Kopia av Prestige","proud.international",131836084471
"Spirit element Ltd corrected Google code","www.spirit-elements.com",131210281135
"Craft","mxcoffeebreak.com",129653768371
"Lazi Lion Brands ","www.lazilionbrands.com",130753593506
"[PROD] BS Dawn Relewise","bestseller-romerhus.dk",132332257466
"Colorblock","emiliocometienda.co",123955183639
"Supply","corp.detailclothingtt.com",123649818717
"Dawn","rivenditori.zoccolibaldo.com",132664852724
"01/05/23 - DO NOT EDIT","shop.jackson-wang.com",124070035554
"YAMPI - Theme premium DUDA BIKE","dudabikestore.com.br",127580078261
"[Boost] Live theme with filter & search","winovino.nl",123041677357
"Theme export  venvidi-ch-venvidi-2022  21jul202...","ellabo.ch",134255214821
"Showcase","epikaparis.com",130989359295
"Prestige","batikuniversalku.com",114692849832
"Warehouse-Live","beautyfaves.com",121321685069
"Debut","se.suztain.com",126336630942
"Theme open shop","openshopitalia.it",130848063677
"Dawn","chocolatssuisses.com",130949841143
"Lola Jeans Ecuador","lolajeans.com.ec",132876239093
"20221221 LBR IRISgo End Christmas Offer","irisgo.ch",130773450957
"Haushaltshopify ( Kalles-4.0.2 ) ","haushaltsparadies.at",130475753644
"Dawn","stitchchic.net",132938957022
"petra fina basel","www.petrafina.com.br",123052458136
"Copy of Dawn with Installments message","allqualitymerchandise.com",132413784293
"Studio","graceandfaithdesigns.co",136086716636
"Simple","maguroittaku.com",127224807584
"Dawn","theboyfriendcollection.com",122573193314
"Debutify-theme 4.10.1","exulsanitair.nl",121503776845
"Galleria / Ver-DigitalBold","contiprint.com.mx",122397884568
"IT-Clash.com","mears.pk",127755550918
"Refresh","eddyshoppe.store",132221141168
"FW22-23 launch. Copy from NO","wenorwegians.com",135381156074
"Dawn","smart-shop.club",127352963236
"Brooklyn","aklogistiks.com",87307485324
"Yikan home 1","amble.co.in",134070370554
"Debutify 4.10.0","dhruvee.in",130022441124
"Prestige - Upsell + Free gift","hugged.dk",132767908039
"Debut","oneproject.com.co",124616933576
"ShowTime (MHT-Dev)","ams-web.jp",134596722910
"Kalles 3.2.0 MASTER","bellamica.it",131166896347
"Dawn","www.willowandgraceshop.com",129609531559
"Theme export  trendyghar-com-booster  11jul2022...","trendyhome.in",120414634113
"Dawn_original","zamourstore.com",132476797143
"Milsens V2","milsens.fr",135849181403
"Studio","hallandperry.com",133820907732
"Masonry","mumbleberry.com.au",127199805627
"Debut","cameronmedical.fr",122502185134
"SANTECO - black friday","santecobottle.com",126015406114
"Refresh","babynow.ph",129376157904
"Focal","bluer.co.in",133223514344
"Dawn","lonjeroo.com",133994512610
"Symmetry","fluffsocialclub.com",125604003976
"Dealshoppen.dk [Visibly.dk]","dealshoppen.dk",134096552157
"bijan-theme/main","bijanmustardson.com",134447857897
"Turbo-portland-1","www.sqfancy.com",133239800028
"Debutify-3-0-2","smilefly.in",133798068436
"Minimog-2.5.0","www.kknekki.nl",129176797390
"Kiban Shop Builders","kibanshoe.com",136482914539
"Dawn","sideviewparts.com",132921360620
"impulse-5-0-1  16a...","fashionbywad.com",134386778328
"Dawn","donutscoffee.fr",132219207938
"Copy of Dawn","www.ookydoky.com",121835585665
"Debutify 4.7.0","fantastischleben.de",121651232838
"Prestige","thebind.co",124611035193
"Dawn","purpledogboutique.com",134164742396
"Impact","lumfion.com",130015035449
"Debut","rosabaya.fr",131054174424
"Dawn","leahlaurenboutique.com",133929926892
"Dawn","mattssonnielsen.dk",128557514917
"Theme export  ideal-mag-ro-handy-home-11  18mar...","shop-deals.ro",131485860076
"Dawn","lunarfalsenails.com",133789417699
"MEDITO (LIVE)","royaltyforme.com",127589908580
"Express (oficial)","vidasanaconamor.cl",124626665648
"Theme export  thundernoise-eu-thundernoise-pres...","catharsisbrand.com",124919808059
"Production","petlux.se",133990056159
"Impulse","southernfabric.com",130167963828
"Affiliates - Dawn","shopgreentechaffiliate.com",133850398932
"Dawn","jaxterssomethingspecial.com",130286846117
"V2.1 dawn/main - Working Copy JTPL 08 Sept","winniespicks.de",126866882735
"Warehouse 1","mezclado.com.br",130861826283
"Flex-emporium","albertuswijnen.nl",127081119907
"Updated copy of Spark","aimxbeauty.com",130086240444
"Latest drophip","hyacinthsupply.com",129953169600
"Studio","lyxoshop.com",129177944224
"Dawn","luciblk.com",134153470197
"Wokiee v2.1.2","melleruruguay.com",133778964736
"Story","sysleriget.dk",126539530297
"November home v4","allisonluxury.com",126991761460
"Refresh","www.trendsgetter.de",136038744278
"Theme export  cereno-me-theme-export-nadesico-s...","molto.fun",127453691951
"Focal Khodr","www.playfulpets.com.au",130483585224
"Please & Thank You - Nov 2022","events.please.co",136202813662
"Motion","artsydecorz.com",130377253056
"Debutify old","masofertas.es",121225314386
"Refresh","eilisra.com",128716341446
"Pipeline","onyx-brand.sk",125410115677
"Debutify - Maveza","maveza.de",134523027670
"[Grafikr - LIVE üßò‚Äç‚ôÄÔ∏è] Prestige","moshimoshimind.com",121283313752
"Prestige","dotene.jp",132335042786
"Impulse","koreanbeautys.com",122274250865
"Dawn","bockyscloset.com",130247196854
"WH Edited","www.lovenzo.se",136048836840
"Dawn","lovelifeinstyle.com",134279037159
"Theme export impulse v6.0.1","shoptheracap.com",135994966266
"Influence","nordic.bagin.io",130926444716
"Sense","calmoverchaos.co.uk",127268094009
"Motion","www.swampdog.com",125210722441
"Warehouse Yeni Tasarƒ±m","daysofsale.com",132456677591
"CS theme 7.1.2021 11:30","woombikes.cz",117478031518
"Kalles-4.0.5 official","vinaga.net",135288815837
"ShowTime","www.mercidan.com",125144137787
"Prestige by SSDC","arrastudios.com",133748555995
"Vape Luxe","www.vapeluxe.co.uk",131064397987
"live Shop CH ( 10/10/22)","ch.tommy-equestrian.com",128456392856
"Sebastian Veliz - Cambios home","reest.cl",135228817628
"Dawn","soulhealthbeauty.com",133921210627
"Taste","thedrippad.com",130254733508
"Theme export  unisexacerra-myshopify-com-debut ...","unisexacerra.com",130140373187
"Colorblock","www.amatistashoes.cl",133917507818
"Focal-8.11.0","microcement.se",130534998198
"Updated copy of Empire","nvx.com",134152454360
"Dawn","belovedbundle.com.au",134103531764
"BK - Ella-5.1.0-sections-ready","bismakhanenterprise.com",130089418945
"Craft","therefinedemporium.com",123041710165
"Warehouse | ge_ledur","closetrc.com.br",125688905928
"Ella-6.2.3-theme-source","bettershopme.com",133060067477
"Dawn","perpetualstraps.com",130241003693
"Spiritswithsmoke [Bradley]","spiritswithsmoke.com",131673948323
"Copy of Modular | XS | OPT - december","kome.no",127936495753
"Avenue -u","genxbagsonline.com",122977976407
"Mt","www.panamia.de",134221627647
"Dawn","wikatech.com",132587946237
"Theme export  ehlize-com-ehlize2  23feb2022-080...","corazoncoleccion.com",131252224251
"Refresh","prescriptoph.com",121338724455
"Refresh","rockshoprecordstores.com",124499001404
"Avone-cracked","twinky-bijoux.com",130685468917
"Dawn","shopmoodparadise.com",128699236535
"Dawn","www.badaboo.ro",130258600152
"Theme export prestige","www.sassy2.com",134137479404
"Taste","www.shoppebirdieandco.com",122806796358
"Ride","www.hauntedforeststatesboro.com",129895694503
"Perfect Jewellery Gifts","perfectjewellerygifts.co",130169438362
"Crave","www.linosparkles.com",124577841195
"Debut","drstitchess.com",131870097639
"www-soek-co-nz-debut-new-modded-theme","www.soekwholesale.com.au",132852875498
"Theme V2 - COD Only","isurve.am",124387950681
"Install-me-wokiee-v-2-1-2-shopify-2-0","www.toners-kopen.com",132693852386
"Bee","villebee.com",136234402036
"Debutify 4.10.0","goldenshopperus.com",134125125858
"Impulse","ikichic.com",134852215012
"Ny seachbar- 24-10-22  Impulse","hw-homeware.dk",126509842491
"Impulse","zfold4case.com",131707961544
"Int√©gration logo r√©assurance","mamiebouillotte.fr",117383004332
"Dawn","www.themwboutique.net",123991425068
"nelipies-theme","nelipies.de",135255982330
"Studio","chesleycarele.com",133831753971
"Dawn","shecanthermalprinters.com",123703132219
"Dawn","alexterrible.com",133992349930
"Be Yours","wellnailscare.com",122299908231
"Theme export impulse v6.0.0 1","lagirlindia.com",132207575219
"Prestige new","supercleday.com",130676359327
"Gatim","gatim.in",134132236538
"Toozer general theme - v2 1 || OPTIMIZED","lyfestylshop.com",131410460852
"Speedfly-3-2-3-ynk0dy","lebonshop.fr",129011286262
"Prestige","balancestyle.jp",116227637421
"De Custom 7 22 SWE","www.pamelabeauty.se",134347063533
"Envy","a-listnutritioneu.com",135139524855
"Debut","diverpool.com.co",124285222964
"Yolofruits","yolofruits.com",132332421363
"Focal","celularesjandy.com.gt",122555007029
"Symmetry","aliciacouture.com",133919244524
"Fashion","savagekfashionboutique.com",134839173341
"Tema drop meta 4.4","kembelstore.com.br",131512860832
"[PRODUCTION] Impulse","int.ferplast.com",112456466586
"wokiee-v-2-1-2","fonevent.com",123457634404
"Theme export  www-drabbalovers-co-ella-6-4-0-dr...","jeansalmayor.com",136377762025
"Expanse classic","skaybeauty.com",126102405220
"Dawn","beingbeast.in",120553668848
"hapnyhome/main","hapnyhome.com",128717193367
"Ride","pawsclawsandhooves.com.au",130959114439
"Dropshipusa updated 1","comfortdwelling.com",125964026023
"Dawn","gilia-couture.com",133903843547
"Theme export  gehena-in-debutify-4-4-0  16dec20...","shopperia.co.in",139812045086
"Dawn - Mix & Match","thundathighs.uk",123611414613
"Minimal","shop.madameluvoo.de",125039345723
"Warehouse","leagueandlegends.com.au",121177931911
"Studio","missmaeboutique.com",123312078902
"Sense [Afterpay 7/27/22]","www.shoptriumphboutique.com",134241026261
"Dawn","www.nirvanashoppingcentre.com",132160454898
"Minimog-2.5.0 - Hubako Media ","itsinji.com",132959764721
"ÂêâÁî∞‰Ωú","www.greenbase-onlineshop.com",136158183640
"2023","bomstore.shop",134763741410
"Unidukan Revamp New","sa.unidukan.com",129775141018
"Refresh","tullhomedecor.com",136320024791
"Dida Sports","didasports.com",131950149878
"Studio","thecuratedstoreindia.com",122375438441
"Theme 16/12 Alerte Klaviyo - Gift Wrapping","jeannevouland.com",136395030758
"Dawn","aperfectfit247.com",128076087452
"C√≥pia atualizada de C√≥pia atualizada de Dawn","www.rdxmarket.com.br",130342584484
"Ride","princecharmingstore.com",126811996213
"Dawn","havanassecreteg.com",133231378679
"Chantal B","revendeurs.chantal-b.com",133863866620
"Tai ecom","allhomedecore.com",134183125212
"Venue","jerky.store",135293993174
"Dawn - Published Aug 1","austar-us.com",134555500783
"Dawn","lovelyluxebtq.shop",125941710905
"circulon-shopify/main-alt-2","www.circulon.com.au",136709079266
"sac-theme-reforce-005-01-2023","www.s-amden.com",137406513401
"Kalles-4.0.5 [Wholesaler]","luxus18k.com",131702620332
"Brooklyn","mangaalharvest.com",120290639925
"Taiecom","jurbes.com",122515849252
"Dawn","www.fullmoda.co",128568983750
"Warehouse Facas do Mundo","facasdomundo.com",129301643482
"CRM_Website","www.caliraisedmoto.com",134178210046
"CSMCY","cosmecy.in",122210549827
"Dutch Rose 1.0","dutchrose.com",124638167084
"On Point","www.onpointfutshopp.com.br",123716010044
"Theme export  uk-nps-solovair-com-symmetry-bent...","outlet.nps-solovair.com",133166137559
"Context Main B2B Development -Trond","b2b.thepropertyof.com",125514416280
"laneeight-shopify/main","laneeight.hk",129072955530
"The Shoe doc - v1.0","theshoedoc.com",133984649463
"Customization by Grafikservis.com","en.yorstruly.com",129320976600
"Kalles 3.2.0","www.legavenue.eu",131272212712
"Refresh","www.carseatheadrestmerch.com",134748405984
"Standard Brands","standardbrands.shop",122823770166
"Wow-5.0.8-product-url-replaced","www.wowshopping.com.au",125262823562
"LIST v2 / Sale jan 23","liststore.dk",132092133567
"Dawn","www.perfectpotion.jp",129188987052
"Theme export  lojanovahera-com-davinci-metodo  ...","soulilyloja.com",128884342922
"Prestige","www.auromin.in",131060662434
"Dawn | Optimized","legadoclothing.com",130782298301
"Theme export  www-thelovestory-couple-de-copy-o...","thelovestory-couple.nl",133790367996
"Studio","lorensaf.com",130131755177
"Expanse","www.belletica.it",126513447051
"BabyForest","www.babyforest.in",130024931517
"Impulse","muskyfool.com",133007605986
"Prestige","vrtxsports.co.jp",134425837780
"Craft 5.0.1 - MM-v2.2","www.mismuebles.co",133310283925
"Tai ecom","decorstore4u.com",134687817942
"Dawn","shop.chinuya.com",128003571862
"STHL Mode","www.sthlmode.se",133943230691
"Tai ecom","wyndhamcreek.com",125692477493
"Copia de Supply","modaestroz.com",126659035328
"Craft","www.freespiritcollective.com",127308005433
"AIOD of Blam Black Store TEST","www.blamblack.com",136549269760
"Dawn","www.truthwithindesigns.com",133840503016
"Theme export  motion  9.0","www.ultimal.co",126352556171
"Convertex 4.1 shopify - black friday","lojasize.com.br",137823781170
"S.P.A.L. Shop 1.0","store.spalferrara.it",134024265983
"Sense","thetravelpaws.com",127178211535
"Craft","mxcoffeebreak.com",129653768371
"shopify-theme-nadaman/master","store.nadaman.co.jp",134783992026
"(Support) Susan-v1-0-8 Shivdas custom - Media","www.shivdas.in",135542276349
"Debut","www.ohr-freund.de",122478231631
"Sunscreen Dec 2022","au.sparms.com",123909734479
"Bytegrasp - Nettopreise - EU-Steuern","kraeutermax.com",136146977017
"Dawn","www.makeover-shop.com",122445987945
"Dawn","www.cocktaiil.com",130918121684
"AIOD of Blam Black Store TEST","www.blamblack.com",136549269760
"Nov Backup Crave","coex3d.com",130685206711
"Canopy (Main/White Background)","www.buyable.net",130085978169